img_id,prob,cls_id
datasets/external_dataset/coco/002509.jpg,0.86902094,196
datasets/external_dataset/coco/000991.jpg,0.7215217,1
datasets/external_dataset/coco/000721.jpg,0.72174096,82
datasets/external_dataset/coco/001764.jpg,0.73093814,196
datasets/external_dataset/coco/002124.jpg,0.8104315,147
datasets/external_dataset/coco/002232.jpg,0.81159747,139
datasets/external_dataset/coco/000199.jpg,0.762787,196
datasets/external_dataset/coco/000065.jpg,0.8799845,108
datasets/external_dataset/coco/003695.jpg,0.8227438,166
datasets/external_dataset/coco/000339.jpg,0.72046334,151
datasets/external_dataset/coco/000845.jpg,0.8466915,156
datasets/external_dataset/coco/000631.jpg,0.74459094,146
datasets/external_dataset/coco/000124.jpg,0.7735912,196
datasets/external_dataset/coco/001183.jpg,0.909575,121
datasets/external_dataset/coco/001819.jpg,0.8524192,146
datasets/external_dataset/coco/000280.jpg,0.76096576,1
datasets/external_dataset/coco/000522.jpg,0.7390985,1
datasets/external_dataset/coco/002894.jpg,0.9293744,119
datasets/external_dataset/coco/003560.jpg,0.7853348,87
datasets/external_dataset/coco/002585.jpg,0.8623916,34
datasets/external_dataset/coco/002187.jpg,0.8624526,42
datasets/external_dataset/coco/002614.jpg,0.72008556,1
datasets/external_dataset/coco/000251.jpg,0.79979306,166
datasets/external_dataset/coco/003926.jpg,0.7927953,172
datasets/external_dataset/coco/001475.jpg,0.8328649,109
datasets/external_dataset/coco/001931.jpg,0.79645526,18
datasets/external_dataset/coco/000082.jpg,0.7967736,6
datasets/external_dataset/coco/000602.jpg,0.7301537,111
datasets/external_dataset/coco/002759.jpg,0.7893701,87
datasets/external_dataset/coco/003282.jpg,0.7169368,126
datasets/external_dataset/coco/003813.jpg,0.77061546,151
datasets/external_dataset/coco/003625.jpg,0.7292532,23
datasets/external_dataset/coco/003434.jpg,0.8255881,196
datasets/external_dataset/coco/000408.jpg,0.7020859,147
datasets/external_dataset/coco/002970.jpg,0.7213047,196
datasets/external_dataset/coco/001507.jpg,0.8437022,196
datasets/external_dataset/coco/000697.jpg,0.8186351,115
datasets/external_dataset/coco/000008.jpg,0.78464663,191
datasets/external_dataset/coco/003851.jpg,0.77885526,190
datasets/external_dataset/coco/003014.jpg,0.8116566,168
datasets/external_dataset/coco/002991.jpg,0.70275354,85
datasets/external_dataset/coco/001982.jpg,0.90849125,133
datasets/external_dataset/coco/002127.jpg,0.78445643,97
datasets/external_dataset/coco/001961.jpg,0.73295397,191
datasets/external_dataset/coco/003494.jpg,0.7045067,82
datasets/external_dataset/coco/000538.jpg,0.7534422,142
datasets/external_dataset/coco/000787.jpg,0.9019925,177
datasets/external_dataset/coco/001071.jpg,0.92550486,87
datasets/external_dataset/coco/000658.jpg,0.70867074,143
datasets/external_dataset/coco/000841.jpg,0.8425722,161
datasets/external_dataset/coco/001303.jpg,0.77708757,29
datasets/external_dataset/coco/003330.jpg,0.79058576,1
datasets/external_dataset/coco/000643.jpg,0.72218233,162
datasets/external_dataset/coco/001329.jpg,0.74871475,108
datasets/external_dataset/coco/003553.jpg,0.7923964,95
datasets/external_dataset/coco/001192.jpg,0.73595923,123
datasets/external_dataset/mio/035346.jpg,0.87485915,123
datasets/external_dataset/mio/034170.jpg,0.7597217,123
datasets/external_dataset/mio/028309.jpg,0.9221346,123
datasets/external_dataset/mio/031580.jpg,0.72509867,123
datasets/external_dataset/mio/028034.jpg,0.81425256,123
datasets/external_dataset/mio/002682.jpg,0.7627853,106
datasets/external_dataset/mio/022473.jpg,0.7841455,123
datasets/external_dataset/mio/020701.jpg,0.7354404,123
datasets/external_dataset/mio/010145.jpg,0.7158373,123
datasets/external_dataset/mio/001219.jpg,0.7528473,151
datasets/external_dataset/mio/026556.jpg,0.8824695,123
datasets/external_dataset/mio/034061.jpg,0.8187876,123
datasets/external_dataset/mio/025541.jpg,0.7206398,123
datasets/external_dataset/mio/013382.jpg,0.7033051,123
datasets/external_dataset/mio/031946.jpg,0.7628062,123
datasets/external_dataset/mio/006735.jpg,0.71001357,123
datasets/external_dataset/mio/024238.jpg,0.7364986,123
datasets/external_dataset/mio/013807.jpg,0.7103326,123
datasets/external_dataset/mio/033451.jpg,0.7903367,123
datasets/external_dataset/mio/010471.jpg,0.715235,123
datasets/external_dataset/mio/020114.jpg,0.78460133,123
datasets/external_dataset/mio/035198.jpg,0.7466081,123
datasets/external_dataset/mio/014329.jpg,0.85237503,123
datasets/external_dataset/mio/009488.jpg,0.7718234,123
datasets/external_dataset/mio/016567.jpg,0.76090354,123
datasets/external_dataset/mio/019824.jpg,0.78297174,123
datasets/external_dataset/mio/021087.jpg,0.7876573,151
datasets/external_dataset/mio/003039.jpg,0.81889933,123
datasets/external_dataset/mio/017272.jpg,0.7179454,123
datasets/external_dataset/mio/005646.jpg,0.7038667,123
datasets/external_dataset/mio/002527.jpg,0.78957343,123
datasets/external_dataset/mio/034328.jpg,0.755345,123
datasets/external_dataset/mio/011032.jpg,0.7271555,123
datasets/external_dataset/mio/015752.jpg,0.7495746,123
datasets/external_dataset/mio/012138.jpg,0.7825919,151
datasets/external_dataset/mio/009126.jpg,0.79641116,123
datasets/external_dataset/mio/031753.jpg,0.73552287,116
datasets/external_dataset/mio/032416.jpg,0.71711797,88
datasets/external_dataset/mio/004603.jpg,0.78143024,123
datasets/external_dataset/mio/015721.jpg,0.76170516,123
datasets/external_dataset/mio/028448.jpg,0.730945,123
datasets/external_dataset/mio/002024.jpg,0.7707968,123
datasets/external_dataset/mio/008226.jpg,0.7221259,123
datasets/external_dataset/mio/019012.jpg,0.80689967,151
datasets/external_dataset/mio/022592.jpg,0.70239574,123
datasets/external_dataset/mio/004868.jpg,0.7300735,123
datasets/external_dataset/mio/036634.jpg,0.72699195,123
datasets/external_dataset/mio/003976.jpg,0.7705276,123
datasets/external_dataset/mio/036523.jpg,0.8532251,123
datasets/external_dataset/mio/004820.jpg,0.7120333,123
datasets/external_dataset/mio/027946.jpg,0.74494326,123
datasets/external_dataset/mio/030824.jpg,0.7217099,123
datasets/external_dataset/mio/007516.jpg,0.8533966,123
datasets/external_dataset/mio/004358.jpg,0.85990936,123
datasets/external_dataset/mio/024421.jpg,0.85970783,123
datasets/external_dataset/mio/025365.jpg,0.7051034,123
datasets/external_dataset/mio/027530.jpg,0.7365442,123
datasets/external_dataset/mio/011046.jpg,0.81551045,123
datasets/external_dataset/mio/014217.jpg,0.7582175,123
datasets/external_dataset/mio/026052.jpg,0.767486,123
datasets/external_dataset/mio/019032.jpg,0.711542,152
datasets/external_dataset/mio/015955.jpg,0.81935966,152
datasets/external_dataset/mio/015820.jpg,0.7575077,123
datasets/external_dataset/mio/015956.jpg,0.7676234,123
datasets/external_dataset/mio/001000.jpg,0.75763667,123
datasets/external_dataset/mio/009515.jpg,0.7802192,123
datasets/external_dataset/mio/009634.jpg,0.7606232,123
datasets/external_dataset/mio/037008.jpg,0.7443117,123
datasets/external_dataset/mio/030495.jpg,0.75102407,152
datasets/external_dataset/mio/031988.jpg,0.71925825,123
datasets/external_dataset/mio/018677.jpg,0.790172,123
datasets/external_dataset/mio/023570.jpg,0.72228515,123
datasets/external_dataset/mio/035813.jpg,0.85116976,123
datasets/external_dataset/mio/002824.jpg,0.7320548,123
datasets/external_dataset/mio/024194.jpg,0.77921116,123
datasets/external_dataset/mio/017220.jpg,0.77773404,123
datasets/external_dataset/mio/029450.jpg,0.77734596,123
datasets/external_dataset/mio/010332.jpg,0.7609682,123
datasets/external_dataset/mio/033589.jpg,0.7336174,123
datasets/external_dataset/mio/011402.jpg,0.7046732,123
datasets/external_dataset/mio/019643.jpg,0.7850755,123
datasets/external_dataset/mio/016652.jpg,0.75320804,152
datasets/external_dataset/mio/032312.jpg,0.7297753,123
datasets/external_dataset/mio/004039.jpg,0.8046614,123
datasets/external_dataset/mio/016978.jpg,0.7379816,1
datasets/external_dataset/mio/022700.jpg,0.7390901,123
datasets/external_dataset/mio/013267.jpg,0.7311165,123
datasets/external_dataset/mio/016364.jpg,0.7318914,123
datasets/external_dataset/mio/007994.jpg,0.7036241,123
datasets/external_dataset/mio/030519.jpg,0.72135293,153
datasets/external_dataset/mio/021751.jpg,0.82032365,123
datasets/external_dataset/mio/001245.jpg,0.75917846,123
datasets/external_dataset/mio/024013.jpg,0.7118169,123
datasets/external_dataset/mio/007841.jpg,0.80754805,123
datasets/external_dataset/mio/010401.jpg,0.72745293,123
datasets/external_dataset/mio/008106.jpg,0.72509885,123
datasets/external_dataset/mio/031630.jpg,0.89902747,123
datasets/external_dataset/mio/034231.jpg,0.8027471,123
datasets/external_dataset/mio/019089.jpg,0.8834957,123
datasets/external_dataset/mio/013232.jpg,0.702377,123
datasets/external_dataset/mio/021653.jpg,0.79480916,123
datasets/external_dataset/mio/009859.jpg,0.7839438,123
datasets/external_dataset/mio/012046.jpg,0.7078036,123
datasets/external_dataset/mio/000871.jpg,0.7168266,123
datasets/external_dataset/mio/033384.jpg,0.7309351,151
datasets/external_dataset/mio/012023.jpg,0.8340575,123
datasets/external_dataset/mio/002684.jpg,0.81691456,123
datasets/external_dataset/mio/004570.jpg,0.72442997,123
datasets/external_dataset/mio/022384.jpg,0.7257118,151
datasets/external_dataset/mio/019596.jpg,0.73322767,123
datasets/external_dataset/mio/012911.jpg,0.7226013,123
datasets/external_dataset/mio/010526.jpg,0.70504695,123
datasets/external_dataset/mio/001656.jpg,0.9471518,123
datasets/external_dataset/mio/011129.jpg,0.7162992,123
datasets/external_dataset/mio/013638.jpg,0.7896425,123
datasets/external_dataset/mio/009728.jpg,0.84945774,123
datasets/external_dataset/mio/028724.jpg,0.7168798,123
datasets/external_dataset/mio/032313.jpg,0.743253,123
datasets/external_dataset/mio/005766.jpg,0.78441495,123
datasets/external_dataset/mio/005663.jpg,0.9149413,123
datasets/external_dataset/mio/019825.jpg,0.7783472,123
datasets/external_dataset/mio/007736.jpg,0.8512036,123
datasets/external_dataset/mio/023042.jpg,0.7599336,123
datasets/external_dataset/mio/013568.jpg,0.7993616,123
datasets/external_dataset/mio/024086.jpg,0.72858214,123
datasets/external_dataset/mio/031967.jpg,0.8455027,123
datasets/external_dataset/mio/020508.jpg,0.7920965,123
datasets/external_dataset/mio/008022.jpg,0.7611226,123
datasets/external_dataset/mio/028280.jpg,0.90259343,123
datasets/external_dataset/mio/033108.jpg,0.8126272,123
datasets/external_dataset/mio/030842.jpg,0.7367727,123
datasets/external_dataset/mio/015805.jpg,0.73973453,123
datasets/external_dataset/mio/032433.jpg,0.86830235,123
datasets/external_dataset/mio/032065.jpg,0.7198513,123
datasets/external_dataset/mio/007322.jpg,0.72560537,1
datasets/external_dataset/mio/000446.jpg,0.74901754,1
datasets/external_dataset/mio/026420.jpg,0.7305137,123
datasets/external_dataset/mio/004999.jpg,0.71750104,123
datasets/external_dataset/mio/033269.jpg,0.7891444,123
datasets/external_dataset/mio/033629.jpg,0.8524517,152
datasets/external_dataset/mio/034727.jpg,0.7960113,123
datasets/external_dataset/mio/034752.jpg,0.72740203,123
datasets/external_dataset/mio/025399.jpg,0.8028123,151
datasets/external_dataset/mio/025892.jpg,0.7533283,123
datasets/external_dataset/mio/037092.jpg,0.74185145,123
datasets/external_dataset/mio/032903.jpg,0.7690793,123
datasets/external_dataset/mio/000612.jpg,0.7014475,123
datasets/external_dataset/mio/007819.jpg,0.9062871,123
datasets/external_dataset/mio/002664.jpg,0.72452086,123
datasets/external_dataset/mio/002169.jpg,0.90804756,123
datasets/external_dataset/mio/013684.jpg,0.8122733,151
datasets/external_dataset/mio/017831.jpg,0.7207962,152
datasets/external_dataset/mio/033073.jpg,0.797428,123
datasets/external_dataset/mio/036934.jpg,0.70613784,152
datasets/external_dataset/mio/023595.jpg,0.7691542,123
datasets/external_dataset/mio/030714.jpg,0.7205998,123
datasets/external_dataset/mio/014341.jpg,0.803462,123
datasets/external_dataset/mio/020207.jpg,0.72624475,123
datasets/external_dataset/mio/032762.jpg,0.70228076,123
datasets/external_dataset/mio/003090.jpg,0.86994904,123
datasets/external_dataset/mio/036271.jpg,0.7572283,123
datasets/external_dataset/mio/005345.jpg,0.8332113,123
datasets/external_dataset/mio/031054.jpg,0.8755724,123
datasets/external_dataset/mio/021535.jpg,0.8258112,123
datasets/external_dataset/mio/016955.jpg,0.7175132,123
datasets/external_dataset/mio/016772.jpg,0.7289921,123
datasets/external_dataset/mio/012507.jpg,0.7364687,123
datasets/external_dataset/mio/016411.jpg,0.73680794,151
datasets/external_dataset/mio/023176.jpg,0.81018066,123
datasets/external_dataset/mio/023129.jpg,0.7400681,123
datasets/external_dataset/mio/020705.jpg,0.7123505,123
datasets/external_dataset/mio/001712.jpg,0.70005614,123
datasets/external_dataset/mio/028149.jpg,0.78874123,123
datasets/external_dataset/mio/027887.jpg,0.7188586,123
datasets/external_dataset/mio/015633.jpg,0.7148519,123
datasets/external_dataset/mio/030075.jpg,0.81073505,123
datasets/external_dataset/mio/024487.jpg,0.72074807,123
datasets/external_dataset/mio/019674.jpg,0.77344435,123
datasets/external_dataset/mio/029770.jpg,0.8132189,123
datasets/external_dataset/mio/029332.jpg,0.79508984,123
datasets/external_dataset/mio/023920.jpg,0.7841495,123
datasets/external_dataset/mio/019005.jpg,0.72367084,123
datasets/external_dataset/mio/004855.jpg,0.75999117,123
datasets/external_dataset/mio/015140.jpg,0.7130645,123
datasets/external_dataset/mio/015036.jpg,0.78004354,123
datasets/external_dataset/mio/005700.jpg,0.77272177,151
datasets/external_dataset/mio/034165.jpg,0.7167279,123
datasets/external_dataset/mio/008196.jpg,0.7951747,123
datasets/external_dataset/mio/018225.jpg,0.7054795,123
datasets/external_dataset/mio/007002.jpg,0.7819749,123
datasets/external_dataset/mio/024653.jpg,0.82166636,123
datasets/external_dataset/mio/028612.jpg,0.8525053,151
datasets/external_dataset/mio/026203.jpg,0.7546152,123
datasets/external_dataset/mio/011304.jpg,0.7754227,123
datasets/external_dataset/mio/002976.jpg,0.7224252,158
datasets/external_dataset/mio/008949.jpg,0.81184816,123
datasets/external_dataset/mio/020202.jpg,0.81077546,123
datasets/external_dataset/mio/004606.jpg,0.82531816,123
datasets/external_dataset/mio/006002.jpg,0.70519435,151
datasets/external_dataset/mio/034513.jpg,0.72463787,151
datasets/external_dataset/mio/021091.jpg,0.7179672,123
datasets/external_dataset/mio/031947.jpg,0.7042524,1
datasets/external_dataset/mio/016990.jpg,0.7347949,123
datasets/external_dataset/mio/020032.jpg,0.9336565,123
datasets/external_dataset/mio/010802.jpg,0.77531636,123
datasets/external_dataset/mio/030811.jpg,0.7018982,123
datasets/external_dataset/mio/020789.jpg,0.74101675,123
datasets/external_dataset/mio/008242.jpg,0.7207834,123
datasets/external_dataset/mio/005497.jpg,0.73859006,123
datasets/external_dataset/mio/001453.jpg,0.84775084,123
datasets/external_dataset/mio/026691.jpg,0.7551123,123
datasets/external_dataset/mio/006385.jpg,0.7319019,123
datasets/external_dataset/mio/031429.jpg,0.7073711,123
datasets/external_dataset/mio/021411.jpg,0.7179825,123
datasets/external_dataset/mio/034743.jpg,0.7538004,152
datasets/external_dataset/mio/030859.jpg,0.7445573,123
datasets/external_dataset/mio/027257.jpg,0.73776567,123
datasets/external_dataset/mio/020906.jpg,0.75302476,123
datasets/external_dataset/mio/008760.jpg,0.73669624,152
datasets/external_dataset/mio/008946.jpg,0.7957829,123
datasets/external_dataset/mio/028607.jpg,0.7869901,123
datasets/external_dataset/mio/003548.jpg,0.8306141,123
datasets/external_dataset/mio/006147.jpg,0.7921138,151
datasets/external_dataset/mio/021476.jpg,0.72886086,116
datasets/external_dataset/mio/012326.jpg,0.80775416,123
datasets/external_dataset/mio/022081.jpg,0.86731404,123
datasets/external_dataset/mio/015238.jpg,0.74817693,123
datasets/external_dataset/mio/026763.jpg,0.71739423,151
datasets/external_dataset/mio/034748.jpg,0.80984366,123
datasets/external_dataset/mio/029476.jpg,0.8435637,123
datasets/external_dataset/mio/005601.jpg,0.72925377,123
datasets/external_dataset/mio/030906.jpg,0.8451729,123
datasets/external_dataset/mio/027351.jpg,0.8343814,123
datasets/external_dataset/mio/036398.jpg,0.71064067,123
datasets/external_dataset/mio/028285.jpg,0.8246209,123
datasets/external_dataset/mio/028600.jpg,0.9635264,123
datasets/external_dataset/mio/009750.jpg,0.7238561,123
datasets/external_dataset/mio/013169.jpg,0.7975305,56
datasets/external_dataset/mio/026633.jpg,0.77335435,123
datasets/external_dataset/mio/001256.jpg,0.7228902,123
datasets/external_dataset/mio/032883.jpg,0.8401273,123
datasets/external_dataset/mio/008255.jpg,0.8124158,151
datasets/external_dataset/voc/000326.jpg,0.7165259,196
datasets/external_dataset/voc/000287.jpg,0.830268,196
datasets/external_dataset/voc/000124.jpg,0.797195,1
datasets/external_dataset/voc/000608.jpg,0.7323869,124
datasets/external_dataset/voc/000341.jpg,0.74252814,161
datasets/external_dataset/voc/000012.jpg,0.8852914,32
datasets/external_dataset/voc/000130.jpg,0.8307646,191
datasets/external_dataset/voc/000481.jpg,0.7630228,35
datasets/external_dataset/voc/000159.jpg,0.83985394,194
datasets/external_dataset/voc/000585.jpg,0.7830433,194
datasets/external_dataset/voc/000571.jpg,0.9247381,79
datasets/external_dataset/voc/000612.jpg,0.7691568,192
datasets/external_dataset/voc/000545.jpg,0.72734797,112
datasets/external_dataset/voc/000480.jpg,0.92746335,107
datasets/external_dataset/voc/000349.jpg,0.8205658,172
datasets/external_dataset/voc/000518.jpg,0.79342663,112
datasets/external_dataset/bdd100k/072609.jpg,0.7510945,116
datasets/external_dataset/bdd100k/009875.jpg,0.72647154,146
datasets/external_dataset/bdd100k/100342.jpg,0.7697838,95
datasets/external_dataset/bdd100k/077069.jpg,0.7502308,181
datasets/external_dataset/bdd100k/110112.jpg,0.7103179,1
datasets/external_dataset/bdd100k/005440.jpg,0.70616835,119
datasets/external_dataset/bdd100k/073109.jpg,0.91638887,127
datasets/external_dataset/bdd100k/054528.jpg,0.8134427,3
datasets/external_dataset/bdd100k/030234.jpg,0.7344063,123
datasets/external_dataset/bdd100k/061128.jpg,0.8404663,187
datasets/external_dataset/bdd100k/085527.jpg,0.7135142,123
datasets/external_dataset/bdd100k/052973.jpg,0.70780337,153
datasets/external_dataset/bdd100k/068644.jpg,0.7182787,3
datasets/external_dataset/bdd100k/089316.jpg,0.90201294,188
datasets/external_dataset/bdd100k/091502.jpg,0.8506098,64
datasets/external_dataset/bdd100k/074328.jpg,0.9266593,73
datasets/external_dataset/bdd100k/020771.jpg,0.9198798,123
datasets/external_dataset/bdd100k/011743.jpg,0.79186004,156
datasets/external_dataset/bdd100k/062950.jpg,0.93377876,156
datasets/external_dataset/bdd100k/086273.jpg,0.78093255,188
datasets/external_dataset/bdd100k/016818.jpg,0.84045076,129
datasets/external_dataset/bdd100k/026076.jpg,0.860758,174
datasets/external_dataset/bdd100k/016692.jpg,0.7615501,123
datasets/external_dataset/bdd100k/003522.jpg,0.8281625,131
datasets/external_dataset/bdd100k/020978.jpg,0.78543025,88
datasets/external_dataset/bdd100k/087020.jpg,0.72181106,146
datasets/external_dataset/bdd100k/008182.jpg,0.72384095,53
datasets/external_dataset/bdd100k/015566.jpg,0.7139892,3
datasets/external_dataset/bdd100k/030552.jpg,0.8995944,129
datasets/external_dataset/bdd100k/081771.jpg,0.84195596,73
datasets/external_dataset/bdd100k/053903.jpg,0.7217212,141
datasets/external_dataset/bdd100k/092551.jpg,0.7845453,187
datasets/external_dataset/bdd100k/104479.jpg,0.9174243,151
datasets/external_dataset/bdd100k/029795.jpg,0.73157454,127
datasets/external_dataset/bdd100k/033804.jpg,0.8114548,156
datasets/external_dataset/bdd100k/039685.jpg,0.7045762,116
datasets/external_dataset/bdd100k/056387.jpg,0.7272671,78
datasets/external_dataset/bdd100k/055573.jpg,0.7601786,174
datasets/external_dataset/bdd100k/102192.jpg,0.7894519,119
datasets/external_dataset/bdd100k/058210.jpg,0.8374221,64
datasets/external_dataset/bdd100k/066572.jpg,0.7238127,24
datasets/external_dataset/bdd100k/063087.jpg,0.86819,123
datasets/external_dataset/bdd100k/038714.jpg,0.7217286,146
datasets/external_dataset/bdd100k/049889.jpg,0.8550307,129
datasets/external_dataset/bdd100k/011024.jpg,0.72262937,123
datasets/external_dataset/bdd100k/003360.jpg,0.78088236,126
datasets/external_dataset/bdd100k/098536.jpg,0.74556434,92
datasets/external_dataset/bdd100k/001622.jpg,0.7226484,123
datasets/external_dataset/bdd100k/089117.jpg,0.70000875,126
datasets/external_dataset/bdd100k/089442.jpg,0.70671415,23
datasets/external_dataset/bdd100k/092906.jpg,0.7289789,192
datasets/external_dataset/bdd100k/061334.jpg,0.92548454,127
datasets/external_dataset/bdd100k/017076.jpg,0.78104275,88
datasets/external_dataset/bdd100k/027751.jpg,0.9303691,37
datasets/external_dataset/bdd100k/089877.jpg,0.80470216,156
datasets/external_dataset/bdd100k/014470.jpg,0.7289209,147
datasets/external_dataset/bdd100k/079427.jpg,0.9420824,123
datasets/external_dataset/bdd100k/084587.jpg,0.7370811,156
datasets/external_dataset/bdd100k/025637.jpg,0.89063025,95
datasets/external_dataset/bdd100k/080103.jpg,0.89697266,32
datasets/external_dataset/bdd100k/086030.jpg,0.7241045,165
datasets/external_dataset/bdd100k/033020.jpg,0.7292668,88
datasets/external_dataset/bdd100k/057789.jpg,0.83937895,162
datasets/external_dataset/bdd100k/102959.jpg,0.70450497,35
datasets/external_dataset/bdd100k/058390.jpg,0.7261958,188
datasets/external_dataset/bdd100k/046985.jpg,0.72466934,30
datasets/external_dataset/bdd100k/038664.jpg,0.93311596,127
datasets/external_dataset/bdd100k/005943.jpg,0.831902,88
datasets/external_dataset/bdd100k/036468.jpg,0.713357,18
datasets/external_dataset/bdd100k/030144.jpg,0.8754093,123
datasets/external_dataset/bdd100k/084467.jpg,0.7368375,98
datasets/external_dataset/bdd100k/107999.jpg,0.7101545,4
datasets/external_dataset/bdd100k/102627.jpg,0.71206987,156
datasets/external_dataset/bdd100k/054049.jpg,0.87227553,61
datasets/external_dataset/bdd100k/024150.jpg,0.8172679,188
datasets/external_dataset/bdd100k/075965.jpg,0.74998647,1
datasets/external_dataset/bdd100k/053723.jpg,0.71576875,85
datasets/external_dataset/bdd100k/108495.jpg,0.7384151,187
datasets/external_dataset/bdd100k/027590.jpg,0.7134377,87
datasets/external_dataset/bdd100k/076918.jpg,0.78875846,188
datasets/external_dataset/bdd100k/059297.jpg,0.7530086,127
datasets/external_dataset/bdd100k/061148.jpg,0.7145855,162
datasets/external_dataset/bdd100k/035256.jpg,0.80471104,3
datasets/external_dataset/bdd100k/008817.jpg,0.7871084,159
datasets/external_dataset/bdd100k/111526.jpg,0.8602314,188
datasets/external_dataset/bdd100k/027934.jpg,0.7143134,146
datasets/external_dataset/bdd100k/002198.jpg,0.8706728,98
datasets/external_dataset/bdd100k/026769.jpg,0.84082776,129
datasets/external_dataset/bdd100k/005642.jpg,0.73921347,166
datasets/external_dataset/bdd100k/100993.jpg,0.73607206,53
datasets/external_dataset/bdd100k/015205.jpg,0.7935378,115
datasets/external_dataset/bdd100k/017187.jpg,0.810334,95
datasets/external_dataset/bdd100k/110609.jpg,0.8272096,174
datasets/external_dataset/bdd100k/004690.jpg,0.7178594,96
datasets/external_dataset/bdd100k/101261.jpg,0.8155055,145
datasets/external_dataset/bdd100k/057175.jpg,0.85267353,64
datasets/external_dataset/bdd100k/080925.jpg,0.749076,126
datasets/external_dataset/bdd100k/082772.jpg,0.7138763,62
datasets/external_dataset/bdd100k/089396.jpg,0.7246911,32
datasets/external_dataset/bdd100k/012743.jpg,0.7629793,156
datasets/external_dataset/bdd100k/024233.jpg,0.8670888,123
datasets/external_dataset/bdd100k/100051.jpg,0.7278968,133
datasets/external_dataset/bdd100k/090522.jpg,0.7681166,53
datasets/external_dataset/bdd100k/017492.jpg,0.7491993,171
datasets/external_dataset/bdd100k/080560.jpg,0.87069046,18
datasets/external_dataset/bdd100k/068595.jpg,0.81522596,116
datasets/external_dataset/bdd100k/101317.jpg,0.75080323,1
datasets/external_dataset/bdd100k/082032.jpg,0.7715028,78
datasets/external_dataset/bdd100k/084190.jpg,0.7879013,31
datasets/external_dataset/bdd100k/094357.jpg,0.70736384,98
datasets/external_dataset/bdd100k/051952.jpg,0.7169503,116
datasets/external_dataset/bdd100k/047124.jpg,0.7424058,144
datasets/external_dataset/bdd100k/054020.jpg,0.84189165,138
datasets/external_dataset/bdd100k/103566.jpg,0.8345264,123
datasets/external_dataset/bdd100k/076377.jpg,0.708068,98
datasets/external_dataset/bdd100k/044342.jpg,0.7321242,123
datasets/external_dataset/bdd100k/097739.jpg,0.80730355,127
datasets/external_dataset/bdd100k/079081.jpg,0.76337636,107
datasets/external_dataset/bdd100k/091325.jpg,0.8875972,127
datasets/external_dataset/bdd100k/008184.jpg,0.85757554,26
datasets/external_dataset/bdd100k/014538.jpg,0.81522405,61
datasets/external_dataset/bdd100k/029074.jpg,0.71808535,118
datasets/external_dataset/bdd100k/111750.jpg,0.7582639,24
datasets/external_dataset/bdd100k/104360.jpg,0.7173321,18
datasets/external_dataset/bdd100k/041624.jpg,0.8186884,64
datasets/external_dataset/bdd100k/097846.jpg,0.7544454,188
datasets/external_dataset/bdd100k/030284.jpg,0.8239722,3
datasets/external_dataset/bdd100k/059398.jpg,0.81175023,193
datasets/external_dataset/bdd100k/064658.jpg,0.70878774,85
datasets/external_dataset/bdd100k/040535.jpg,0.9573747,141
datasets/external_dataset/bdd100k/082921.jpg,0.70054775,166
datasets/external_dataset/bdd100k/061513.jpg,0.7548861,190
datasets/external_dataset/bdd100k/076179.jpg,0.79329395,62
datasets/external_dataset/bdd100k/040380.jpg,0.7144147,29
datasets/external_dataset/bdd100k/052499.jpg,0.7937813,174
datasets/external_dataset/bdd100k/080566.jpg,0.9518654,118
datasets/external_dataset/bdd100k/069516.jpg,0.74797505,130
datasets/external_dataset/bdd100k/035307.jpg,0.8482811,188
datasets/external_dataset/bdd100k/101826.jpg,0.7448347,85
datasets/external_dataset/bdd100k/015871.jpg,0.86834747,67
datasets/external_dataset/bdd100k/102202.jpg,0.73670304,32
datasets/external_dataset/bdd100k/079340.jpg,0.7900122,98
datasets/external_dataset/bdd100k/094441.jpg,0.7603714,123
datasets/external_dataset/bdd100k/015689.jpg,0.8475178,190
datasets/external_dataset/bdd100k/107007.jpg,0.7526597,61
datasets/external_dataset/bdd100k/066153.jpg,0.79538524,116
datasets/external_dataset/bdd100k/106967.jpg,0.83024675,96
datasets/external_dataset/bdd100k/087737.jpg,0.8452032,129
datasets/external_dataset/bdd100k/108029.jpg,0.75639284,67
datasets/external_dataset/bdd100k/096706.jpg,0.9359609,32
datasets/external_dataset/bdd100k/011979.jpg,0.937358,3
datasets/external_dataset/bdd100k/075122.jpg,0.71767193,119
datasets/external_dataset/bdd100k/096518.jpg,0.7123078,61
datasets/external_dataset/bdd100k/018930.jpg,0.72704566,123
datasets/external_dataset/bdd100k/091055.jpg,0.758463,166
datasets/external_dataset/bdd100k/098767.jpg,0.7359205,146
datasets/external_dataset/bdd100k/002296.jpg,0.7765337,58
datasets/external_dataset/bdd100k/034019.jpg,0.7005642,187
datasets/external_dataset/bdd100k/052115.jpg,0.8264173,187
datasets/external_dataset/bdd100k/066546.jpg,0.7347388,1
datasets/external_dataset/bdd100k/004541.jpg,0.70184267,110
datasets/external_dataset/bdd100k/030079.jpg,0.8543185,156
datasets/external_dataset/bdd100k/034941.jpg,0.7569874,123
datasets/external_dataset/bdd100k/003577.jpg,0.8839685,156
datasets/external_dataset/bdd100k/104282.jpg,0.92737615,127
datasets/external_dataset/bdd100k/066234.jpg,0.70750415,73
datasets/external_dataset/bdd100k/088267.jpg,0.78081435,123
datasets/external_dataset/bdd100k/082338.jpg,0.7327353,125
datasets/external_dataset/bdd100k/040303.jpg,0.81159246,3
datasets/external_dataset/bdd100k/084416.jpg,0.70899165,188
datasets/external_dataset/bdd100k/064374.jpg,0.78907883,49
datasets/external_dataset/bdd100k/078016.jpg,0.75035,119
datasets/external_dataset/bdd100k/016178.jpg,0.89637375,135
datasets/external_dataset/bdd100k/055581.jpg,0.70809335,188
datasets/external_dataset/bdd100k/082479.jpg,0.8727156,156
datasets/external_dataset/bdd100k/051668.jpg,0.73961174,58
datasets/external_dataset/bdd100k/000522.jpg,0.71010303,116
datasets/external_dataset/bdd100k/106945.jpg,0.71977746,119
datasets/external_dataset/bdd100k/095059.jpg,0.70760816,116
datasets/external_dataset/bdd100k/058519.jpg,0.7375699,146
datasets/external_dataset/bdd100k/085017.jpg,0.7892354,69
datasets/external_dataset/bdd100k/015098.jpg,0.8404932,144
datasets/external_dataset/bdd100k/053074.jpg,0.82997495,129
datasets/external_dataset/bdd100k/022709.jpg,0.87430114,188
datasets/external_dataset/bdd100k/109660.jpg,0.7329086,141
datasets/external_dataset/bdd100k/066080.jpg,0.7848973,141
datasets/external_dataset/bdd100k/000504.jpg,0.8092842,126
datasets/external_dataset/bdd100k/002749.jpg,0.73704773,85
datasets/external_dataset/bdd100k/107761.jpg,0.7229869,116
datasets/external_dataset/bdd100k/107135.jpg,0.82341176,116
datasets/external_dataset/bdd100k/060735.jpg,0.9066269,127
datasets/external_dataset/bdd100k/006219.jpg,0.7248476,126
datasets/external_dataset/bdd100k/009867.jpg,0.82613385,123
datasets/external_dataset/bdd100k/112407.jpg,0.8494406,129
datasets/external_dataset/bdd100k/014379.jpg,0.8768209,111
datasets/external_dataset/bdd100k/024549.jpg,0.7755215,123
datasets/external_dataset/bdd100k/040563.jpg,0.84880936,88
datasets/external_dataset/bdd100k/051519.jpg,0.8243601,53
datasets/external_dataset/bdd100k/028018.jpg,0.80247,123
datasets/external_dataset/bdd100k/046150.jpg,0.9262174,123
datasets/external_dataset/bdd100k/036066.jpg,0.82407665,129
datasets/external_dataset/bdd100k/098725.jpg,0.88763857,29
datasets/external_dataset/bdd100k/088942.jpg,0.8192817,147
datasets/external_dataset/bdd100k/085284.jpg,0.79070234,32
datasets/external_dataset/bdd100k/015548.jpg,0.7515017,7
datasets/external_dataset/bdd100k/108357.jpg,0.7360345,187
datasets/external_dataset/bdd100k/091478.jpg,0.8190676,186
datasets/external_dataset/bdd100k/087079.jpg,0.80742013,130
datasets/external_dataset/bdd100k/094814.jpg,0.72114885,119
datasets/external_dataset/bdd100k/042080.jpg,0.7444395,174
datasets/external_dataset/bdd100k/083163.jpg,0.78402245,148
datasets/external_dataset/bdd100k/068405.jpg,0.7774997,130
datasets/external_dataset/bdd100k/034183.jpg,0.8445164,61
datasets/external_dataset/bdd100k/018451.jpg,0.7972735,123
datasets/external_dataset/bdd100k/073624.jpg,0.7671283,126
datasets/external_dataset/bdd100k/076598.jpg,0.83051586,129
datasets/external_dataset/bdd100k/058594.jpg,0.80591124,156
datasets/external_dataset/bdd100k/030524.jpg,0.9615506,52
datasets/external_dataset/bdd100k/047836.jpg,0.7237935,123
datasets/external_dataset/bdd100k/101929.jpg,0.72786444,123
datasets/external_dataset/bdd100k/063856.jpg,0.7695652,156
datasets/external_dataset/bdd100k/046950.jpg,0.8667034,169
datasets/external_dataset/bdd100k/046260.jpg,0.8768568,116
datasets/external_dataset/bdd100k/093159.jpg,0.73748946,145
datasets/external_dataset/bdd100k/086834.jpg,0.7610157,146
datasets/external_dataset/bdd100k/022826.jpg,0.7129468,126
datasets/external_dataset/bdd100k/019286.jpg,0.7033502,146
datasets/external_dataset/bdd100k/110169.jpg,0.883245,194
datasets/external_dataset/bdd100k/004128.jpg,0.713138,146
datasets/external_dataset/bdd100k/060995.jpg,0.7405888,61
datasets/external_dataset/bdd100k/069263.jpg,0.8378824,32
datasets/external_dataset/bdd100k/082615.jpg,0.8269634,134
datasets/external_dataset/bdd100k/036577.jpg,0.83880293,123
datasets/external_dataset/bdd100k/110735.jpg,0.7198255,7
datasets/external_dataset/bdd100k/099579.jpg,0.726926,32
datasets/external_dataset/bdd100k/018202.jpg,0.73561174,148
datasets/external_dataset/bdd100k/017846.jpg,0.77687657,188
datasets/external_dataset/bdd100k/088859.jpg,0.8976291,111
datasets/external_dataset/bdd100k/082779.jpg,0.83402234,154
datasets/external_dataset/bdd100k/108981.jpg,0.7694319,4
datasets/external_dataset/bdd100k/005548.jpg,0.71649325,141
datasets/external_dataset/bdd100k/023004.jpg,0.8376238,141
datasets/external_dataset/bdd100k/039191.jpg,0.77587813,123
datasets/external_dataset/bdd100k/082569.jpg,0.7873374,129
datasets/external_dataset/bdd100k/061464.jpg,0.8343735,18
datasets/external_dataset/bdd100k/006064.jpg,0.7330084,88
datasets/external_dataset/bdd100k/007876.jpg,0.88991034,189
datasets/external_dataset/bdd100k/096805.jpg,0.77456063,107
datasets/external_dataset/bdd100k/034902.jpg,0.70660305,162
datasets/external_dataset/bdd100k/034268.jpg,0.7824906,129
datasets/external_dataset/bdd100k/009130.jpg,0.8475787,127
datasets/external_dataset/bdd100k/011200.jpg,0.8533589,123
datasets/external_dataset/bdd100k/003961.jpg,0.7917968,95
datasets/external_dataset/bdd100k/094824.jpg,0.717318,123
datasets/external_dataset/bdd100k/100888.jpg,0.88072824,123
datasets/external_dataset/bdd100k/093190.jpg,0.9032154,131
datasets/external_dataset/bdd100k/063593.jpg,0.72907084,123
datasets/external_dataset/bdd100k/024567.jpg,0.751127,118
datasets/external_dataset/bdd100k/028728.jpg,0.7039544,196
datasets/external_dataset/bdd100k/100117.jpg,0.82907856,3
datasets/external_dataset/bdd100k/024122.jpg,0.79284966,29
datasets/external_dataset/bdd100k/077400.jpg,0.8153288,186
datasets/external_dataset/bdd100k/013761.jpg,0.87101173,123
datasets/external_dataset/bdd100k/107857.jpg,0.80720365,88
datasets/external_dataset/bdd100k/093373.jpg,0.8376751,116
datasets/external_dataset/bdd100k/080844.jpg,0.7925461,67
datasets/external_dataset/bdd100k/036200.jpg,0.9338099,127
datasets/external_dataset/bdd100k/008252.jpg,0.7018198,116
datasets/external_dataset/bdd100k/042602.jpg,0.73373973,67
datasets/external_dataset/bdd100k/109101.jpg,0.78038824,83
datasets/external_dataset/bdd100k/015355.jpg,0.732815,88
datasets/external_dataset/bdd100k/024802.jpg,0.8369951,129
datasets/external_dataset/bdd100k/017112.jpg,0.73828983,146
datasets/external_dataset/bdd100k/058699.jpg,0.8474013,85
datasets/external_dataset/bdd100k/092905.jpg,0.7282852,3
datasets/external_dataset/bdd100k/094944.jpg,0.8185099,32
datasets/external_dataset/bdd100k/110329.jpg,0.9010191,129
datasets/external_dataset/bdd100k/091477.jpg,0.7518183,3
datasets/external_dataset/bdd100k/104539.jpg,0.7702055,162
datasets/external_dataset/bdd100k/006969.jpg,0.7276287,166
datasets/external_dataset/bdd100k/001436.jpg,0.7698514,26
datasets/external_dataset/bdd100k/026074.jpg,0.8364948,129
datasets/external_dataset/bdd100k/074579.jpg,0.7659899,129
datasets/external_dataset/bdd100k/094038.jpg,0.73722786,46
datasets/external_dataset/bdd100k/097338.jpg,0.89870155,88
datasets/external_dataset/bdd100k/008603.jpg,0.8125068,129
datasets/external_dataset/bdd100k/036993.jpg,0.86723363,61
datasets/external_dataset/bdd100k/021081.jpg,0.8936392,123
datasets/external_dataset/bdd100k/025147.jpg,0.77749664,129
datasets/external_dataset/bdd100k/001344.jpg,0.87942,123
datasets/external_dataset/bdd100k/066051.jpg,0.9390605,127
datasets/external_dataset/bdd100k/074930.jpg,0.8659361,188
datasets/external_dataset/bdd100k/059530.jpg,0.85399896,138
datasets/external_dataset/bdd100k/061083.jpg,0.7465495,79
datasets/external_dataset/bdd100k/064555.jpg,0.95418996,127
datasets/external_dataset/bdd100k/060936.jpg,0.7180686,123
datasets/external_dataset/bdd100k/092601.jpg,0.70363605,123
datasets/external_dataset/bdd100k/054541.jpg,0.73467886,1
datasets/external_dataset/bdd100k/036101.jpg,0.70118177,110
datasets/external_dataset/bdd100k/077212.jpg,0.75594807,115
datasets/external_dataset/bdd100k/008461.jpg,0.8941251,61
datasets/external_dataset/bdd100k/032931.jpg,0.7926205,147
datasets/external_dataset/bdd100k/074851.jpg,0.7274304,129
datasets/external_dataset/bdd100k/090805.jpg,0.81630266,154
datasets/external_dataset/bdd100k/030555.jpg,0.7000294,18
datasets/external_dataset/bdd100k/059563.jpg,0.8884746,3
datasets/external_dataset/bdd100k/094963.jpg,0.78538615,129
datasets/external_dataset/bdd100k/107794.jpg,0.7731655,163
datasets/external_dataset/bdd100k/074724.jpg,0.70618373,72
datasets/external_dataset/bdd100k/083212.jpg,0.7176921,88
datasets/external_dataset/bdd100k/107551.jpg,0.8129662,127
datasets/external_dataset/bdd100k/060324.jpg,0.7784948,88
datasets/external_dataset/bdd100k/093788.jpg,0.77498686,116
datasets/external_dataset/bdd100k/037456.jpg,0.95158654,127
datasets/external_dataset/bdd100k/047010.jpg,0.7761851,85
datasets/external_dataset/bdd100k/089066.jpg,0.87520266,88
datasets/external_dataset/bdd100k/025953.jpg,0.71658194,156
datasets/external_dataset/bdd100k/015382.jpg,0.7184883,88
datasets/external_dataset/bdd100k/036480.jpg,0.75220954,18
datasets/external_dataset/bdd100k/031994.jpg,0.786064,123
datasets/external_dataset/bdd100k/053884.jpg,0.72920513,170
datasets/external_dataset/bdd100k/073472.jpg,0.8990156,108
datasets/external_dataset/bdd100k/073585.jpg,0.76004446,79
datasets/external_dataset/bdd100k/026638.jpg,0.8619505,129
datasets/external_dataset/bdd100k/058327.jpg,0.7749268,88
datasets/external_dataset/bdd100k/052384.jpg,0.8561095,123
datasets/external_dataset/bdd100k/078822.jpg,0.7236084,131
datasets/external_dataset/bdd100k/109783.jpg,0.8875413,123
datasets/external_dataset/bdd100k/000728.jpg,0.94318974,83
datasets/external_dataset/bdd100k/083956.jpg,0.8867756,156
datasets/external_dataset/bdd100k/070723.jpg,0.7676649,123
datasets/external_dataset/bdd100k/027729.jpg,0.8493625,162
datasets/external_dataset/bdd100k/048562.jpg,0.78675425,141
datasets/external_dataset/bdd100k/039886.jpg,0.7233044,123
datasets/external_dataset/bdd100k/107996.jpg,0.7585424,165
datasets/external_dataset/bdd100k/109718.jpg,0.84987175,142
datasets/external_dataset/bdd100k/006779.jpg,0.7960979,173
datasets/external_dataset/bdd100k/058509.jpg,0.782515,123
datasets/external_dataset/bdd100k/068785.jpg,0.746795,123
datasets/external_dataset/bdd100k/003203.jpg,0.8454561,121
datasets/external_dataset/bdd100k/091432.jpg,0.8490178,85
datasets/external_dataset/bdd100k/007130.jpg,0.86423206,80
datasets/external_dataset/bdd100k/079192.jpg,0.79267836,139
datasets/external_dataset/bdd100k/111916.jpg,0.7118514,113
datasets/external_dataset/bdd100k/038844.jpg,0.712348,123
datasets/external_dataset/bdd100k/073984.jpg,0.86121047,96
datasets/external_dataset/bdd100k/070690.jpg,0.7513545,188
datasets/external_dataset/bdd100k/007559.jpg,0.76369697,127
datasets/external_dataset/bdd100k/000688.jpg,0.7092551,190
datasets/external_dataset/bdd100k/067111.jpg,0.7510891,116
datasets/external_dataset/bdd100k/060757.jpg,0.7843183,187
datasets/external_dataset/bdd100k/095313.jpg,0.7496564,187
datasets/external_dataset/bdd100k/003630.jpg,0.90497607,96
datasets/external_dataset/bdd100k/109176.jpg,0.703718,123
datasets/external_dataset/bdd100k/027584.jpg,0.89415675,129
datasets/external_dataset/bdd100k/025173.jpg,0.7338728,127
datasets/external_dataset/bdd100k/085405.jpg,0.8548811,116
datasets/external_dataset/bdd100k/111694.jpg,0.7770438,98
datasets/external_dataset/bdd100k/056886.jpg,0.74479955,88
datasets/external_dataset/bdd100k/060427.jpg,0.7061497,18
datasets/external_dataset/bdd100k/092832.jpg,0.7993665,187
datasets/external_dataset/bdd100k/066653.jpg,0.89900094,88
datasets/external_dataset/bdd100k/060915.jpg,0.90239507,123
datasets/external_dataset/bdd100k/034544.jpg,0.88294154,88
datasets/external_dataset/bdd100k/025827.jpg,0.7461972,88
datasets/external_dataset/bdd100k/059453.jpg,0.7034485,126
datasets/external_dataset/bdd100k/078972.jpg,0.7039449,123
datasets/external_dataset/bdd100k/006332.jpg,0.71926135,3
datasets/external_dataset/bdd100k/022790.jpg,0.8043338,123
datasets/external_dataset/bdd100k/083328.jpg,0.7218441,116
datasets/external_dataset/bdd100k/078369.jpg,0.8369673,26
datasets/external_dataset/bdd100k/053207.jpg,0.86211956,129
datasets/external_dataset/bdd100k/005911.jpg,0.80192393,141
datasets/external_dataset/bdd100k/075130.jpg,0.87532043,162
datasets/external_dataset/bdd100k/002761.jpg,0.8362204,190
datasets/external_dataset/bdd100k/018320.jpg,0.87538683,126
datasets/external_dataset/bdd100k/082834.jpg,0.77424794,49
datasets/external_dataset/bdd100k/029018.jpg,0.7077439,3
datasets/external_dataset/bdd100k/095833.jpg,0.72160625,151
datasets/external_dataset/bdd100k/080237.jpg,0.7290134,88
datasets/external_dataset/bdd100k/024547.jpg,0.8938898,131
datasets/external_dataset/bdd100k/036593.jpg,0.8838808,188
datasets/external_dataset/bdd100k/110672.jpg,0.71100974,131
datasets/external_dataset/bdd100k/044512.jpg,0.7030754,73
datasets/external_dataset/bdd100k/027527.jpg,0.7603273,172
datasets/external_dataset/bdd100k/066221.jpg,0.7941303,129
datasets/external_dataset/bdd100k/004502.jpg,0.71825975,88
datasets/external_dataset/bdd100k/068072.jpg,0.7353183,88
datasets/external_dataset/bdd100k/053274.jpg,0.7200251,100
datasets/external_dataset/bdd100k/089983.jpg,0.79885757,145
datasets/external_dataset/bdd100k/068067.jpg,0.72874224,100
datasets/external_dataset/bdd100k/089579.jpg,0.733816,85
datasets/external_dataset/bdd100k/102753.jpg,0.7118175,151
datasets/external_dataset/bdd100k/039025.jpg,0.72749794,73
datasets/external_dataset/bdd100k/018689.jpg,0.7572873,139
datasets/external_dataset/bdd100k/103661.jpg,0.7982647,96
datasets/external_dataset/bdd100k/097172.jpg,0.93453276,187
datasets/external_dataset/bdd100k/057224.jpg,0.8160731,123
datasets/external_dataset/bdd100k/011460.jpg,0.7106787,152
datasets/external_dataset/bdd100k/088166.jpg,0.9084584,184
datasets/external_dataset/bdd100k/014783.jpg,0.7182087,88
datasets/external_dataset/bdd100k/049646.jpg,0.7672361,138
datasets/external_dataset/bdd100k/110732.jpg,0.84667665,73
datasets/external_dataset/bdd100k/105896.jpg,0.7956108,61
datasets/external_dataset/bdd100k/047389.jpg,0.7018186,123
datasets/external_dataset/bdd100k/036313.jpg,0.7695012,29
datasets/external_dataset/bdd100k/082820.jpg,0.72481996,142
datasets/external_dataset/bdd100k/076810.jpg,0.9052679,52
datasets/external_dataset/bdd100k/012612.jpg,0.7234097,190
datasets/external_dataset/bdd100k/034479.jpg,0.7568509,116
datasets/external_dataset/bdd100k/080265.jpg,0.7874408,131
datasets/external_dataset/bdd100k/071147.jpg,0.8588195,123
datasets/external_dataset/bdd100k/031143.jpg,0.8531343,88
datasets/external_dataset/bdd100k/008617.jpg,0.754366,26
datasets/external_dataset/bdd100k/073964.jpg,0.8190277,147
datasets/external_dataset/bdd100k/072149.jpg,0.7100328,123
datasets/external_dataset/bdd100k/108337.jpg,0.8359888,67
datasets/external_dataset/bdd100k/083735.jpg,0.78458226,96
datasets/external_dataset/bdd100k/097220.jpg,0.70334566,95
datasets/external_dataset/bdd100k/045497.jpg,0.82048017,187
datasets/external_dataset/bdd100k/029263.jpg,0.70840394,127
datasets/external_dataset/bdd100k/080722.jpg,0.7044244,156
datasets/external_dataset/bdd100k/037786.jpg,0.8211128,148
datasets/external_dataset/bdd100k/017474.jpg,0.8979723,127
datasets/external_dataset/bdd100k/088045.jpg,0.7095153,88
datasets/external_dataset/bdd100k/059974.jpg,0.8610922,123
datasets/external_dataset/bdd100k/007903.jpg,0.9672388,116
datasets/external_dataset/bdd100k/072554.jpg,0.71647877,123
datasets/external_dataset/bdd100k/016834.jpg,0.7077552,187
datasets/external_dataset/bdd100k/087296.jpg,0.7682663,129
datasets/external_dataset/bdd100k/015292.jpg,0.75930625,18
datasets/external_dataset/bdd100k/014394.jpg,0.7294616,116
datasets/external_dataset/bdd100k/002204.jpg,0.7657541,126
datasets/external_dataset/bdd100k/105220.jpg,0.7131084,133
datasets/external_dataset/bdd100k/105055.jpg,0.7795164,187
datasets/external_dataset/bdd100k/107370.jpg,0.73825634,162
datasets/external_dataset/bdd100k/004449.jpg,0.7532934,166
datasets/external_dataset/bdd100k/063095.jpg,0.76289237,123
datasets/external_dataset/bdd100k/057176.jpg,0.72468174,119
datasets/external_dataset/bdd100k/090024.jpg,0.8393835,96
datasets/external_dataset/bdd100k/073640.jpg,0.81866676,73
datasets/external_dataset/bdd100k/046311.jpg,0.7207501,88
datasets/external_dataset/bdd100k/071327.jpg,0.7839298,131
datasets/external_dataset/bdd100k/012535.jpg,0.77168536,58
datasets/external_dataset/bdd100k/035798.jpg,0.77104634,32
datasets/external_dataset/bdd100k/004739.jpg,0.7595767,98
datasets/external_dataset/bdd100k/102074.jpg,0.94314444,83
datasets/external_dataset/bdd100k/059710.jpg,0.76400304,24
datasets/external_dataset/bdd100k/044385.jpg,0.7104789,18
datasets/external_dataset/bdd100k/014807.jpg,0.7659029,123
datasets/external_dataset/bdd100k/110031.jpg,0.7174679,127
datasets/external_dataset/bdd100k/016901.jpg,0.70349467,187
datasets/external_dataset/bdd100k/042382.jpg,0.812383,145
datasets/external_dataset/bdd100k/100466.jpg,0.79646933,88
datasets/external_dataset/bdd100k/109747.jpg,0.7710867,110
datasets/external_dataset/bdd100k/039482.jpg,0.7479287,159
datasets/external_dataset/bdd100k/082899.jpg,0.7765129,116
datasets/external_dataset/bdd100k/029696.jpg,0.7758862,114
datasets/external_dataset/bdd100k/057020.jpg,0.84162533,187
datasets/external_dataset/bdd100k/000964.jpg,0.8743952,187
datasets/external_dataset/bdd100k/079320.jpg,0.8485762,187
datasets/external_dataset/bdd100k/031241.jpg,0.7507285,141
datasets/external_dataset/bdd100k/084955.jpg,0.7486809,29
datasets/external_dataset/bdd100k/060055.jpg,0.7780353,123
datasets/external_dataset/bdd100k/051882.jpg,0.8098415,145
datasets/external_dataset/bdd100k/034339.jpg,0.7524692,152
datasets/external_dataset/bdd100k/094619.jpg,0.7939595,64
datasets/external_dataset/bdd100k/050513.jpg,0.8751221,64
datasets/external_dataset/bdd100k/006909.jpg,0.711496,116
datasets/external_dataset/bdd100k/032194.jpg,0.72955817,88
datasets/external_dataset/bdd100k/022874.jpg,0.78712916,162
datasets/external_dataset/bdd100k/090972.jpg,0.7752874,129
datasets/external_dataset/bdd100k/024860.jpg,0.73124427,100
datasets/external_dataset/bdd100k/053648.jpg,0.8648561,127
datasets/external_dataset/bdd100k/055309.jpg,0.75065863,88
datasets/external_dataset/bdd100k/021334.jpg,0.89820635,61
datasets/external_dataset/bdd100k/016784.jpg,0.7896251,150
datasets/external_dataset/bdd100k/097213.jpg,0.9364885,30
datasets/external_dataset/bdd100k/049359.jpg,0.72313213,123
datasets/external_dataset/bdd100k/037258.jpg,0.82894814,110
datasets/external_dataset/bdd100k/033726.jpg,0.75418866,123
datasets/external_dataset/bdd100k/070231.jpg,0.7559773,53
datasets/external_dataset/bdd100k/099546.jpg,0.7813743,126
datasets/external_dataset/bdd100k/056017.jpg,0.86234105,166
datasets/external_dataset/bdd100k/057152.jpg,0.76602936,148
datasets/external_dataset/bdd100k/076280.jpg,0.76202035,123
datasets/external_dataset/bdd100k/080825.jpg,0.87496126,4
datasets/external_dataset/bdd100k/071649.jpg,0.7594191,61
datasets/external_dataset/bdd100k/051246.jpg,0.73190683,29
datasets/external_dataset/bdd100k/096595.jpg,0.8430751,61
datasets/external_dataset/bdd100k/053772.jpg,0.7154395,133
datasets/external_dataset/bdd100k/077787.jpg,0.9330271,127
datasets/external_dataset/bdd100k/023992.jpg,0.75401795,82
datasets/external_dataset/bdd100k/073732.jpg,0.85523164,129
datasets/external_dataset/bdd100k/090023.jpg,0.85205495,188
datasets/external_dataset/bdd100k/014125.jpg,0.714077,127
datasets/external_dataset/bdd100k/077113.jpg,0.82766354,61
datasets/external_dataset/bdd100k/016145.jpg,0.8151735,174
datasets/external_dataset/bdd100k/014607.jpg,0.79143566,188
datasets/external_dataset/bdd100k/045811.jpg,0.7452222,126
datasets/external_dataset/bdd100k/042079.jpg,0.70626354,174
datasets/external_dataset/bdd100k/030662.jpg,0.8041004,32
datasets/external_dataset/bdd100k/101871.jpg,0.7839291,88
datasets/external_dataset/bdd100k/014907.jpg,0.827573,193
datasets/external_dataset/bdd100k/041681.jpg,0.71718776,88
datasets/external_dataset/bdd100k/045791.jpg,0.74531007,125
datasets/external_dataset/bdd100k/072511.jpg,0.751548,88
datasets/external_dataset/bdd100k/094468.jpg,0.8035048,88
datasets/external_dataset/bdd100k/091840.jpg,0.8903082,116
datasets/external_dataset/bdd100k/015687.jpg,0.7622461,108
datasets/external_dataset/bdd100k/081094.jpg,0.7161499,88
datasets/external_dataset/bdd100k/105467.jpg,0.70485127,166
datasets/external_dataset/bdd100k/026075.jpg,0.79938626,129
datasets/external_dataset/bdd100k/007760.jpg,0.86434686,156
datasets/external_dataset/bdd100k/041385.jpg,0.85372764,73
datasets/external_dataset/bdd100k/045138.jpg,0.77745235,188
datasets/external_dataset/bdd100k/079221.jpg,0.77605575,123
datasets/external_dataset/bdd100k/056751.jpg,0.81625,107
datasets/external_dataset/bdd100k/053450.jpg,0.73716766,188
datasets/external_dataset/bdd100k/006510.jpg,0.75505704,142
datasets/external_dataset/bdd100k/106683.jpg,0.76913387,73
datasets/external_dataset/bdd100k/055120.jpg,0.84395325,88
datasets/external_dataset/bdd100k/089918.jpg,0.77504146,79
datasets/external_dataset/bdd100k/052651.jpg,0.7739405,62
datasets/external_dataset/bdd100k/016985.jpg,0.72590476,170
datasets/external_dataset/bdd100k/076384.jpg,0.77218366,123
datasets/external_dataset/bdd100k/110616.jpg,0.707255,119
datasets/external_dataset/bdd100k/039055.jpg,0.79089165,61
datasets/external_dataset/bdd100k/107739.jpg,0.8955679,138
datasets/external_dataset/bdd100k/067181.jpg,0.7167155,156
datasets/external_dataset/bdd100k/006944.jpg,0.7228963,18
datasets/external_dataset/bdd100k/022868.jpg,0.8452204,139
datasets/external_dataset/bdd100k/097478.jpg,0.77289,123
datasets/external_dataset/bdd100k/014919.jpg,0.7692049,162
datasets/external_dataset/bdd100k/044929.jpg,0.78723276,126
datasets/external_dataset/bdd100k/053360.jpg,0.7848133,73
datasets/external_dataset/bdd100k/054522.jpg,0.73559666,98
datasets/external_dataset/bdd100k/024400.jpg,0.78796875,123
datasets/external_dataset/bdd100k/037366.jpg,0.7524909,167
datasets/external_dataset/bdd100k/009854.jpg,0.9298525,195
datasets/external_dataset/bdd100k/005763.jpg,0.9246801,52
datasets/external_dataset/bdd100k/033907.jpg,0.80836993,127
datasets/external_dataset/bdd100k/008418.jpg,0.70314187,32
datasets/external_dataset/bdd100k/096447.jpg,0.73951375,145
datasets/external_dataset/bdd100k/016262.jpg,0.70601714,88
datasets/external_dataset/bdd100k/064077.jpg,0.78422487,121
datasets/external_dataset/bdd100k/013278.jpg,0.90739334,145
datasets/external_dataset/bdd100k/068135.jpg,0.70104074,188
datasets/external_dataset/bdd100k/032559.jpg,0.8182163,126
datasets/external_dataset/bdd100k/006908.jpg,0.7113389,82
datasets/external_dataset/bdd100k/095968.jpg,0.8864503,126
datasets/external_dataset/bdd100k/077698.jpg,0.86889154,141
datasets/external_dataset/bdd100k/033551.jpg,0.75469947,167
datasets/external_dataset/bdd100k/041248.jpg,0.78628886,162
datasets/external_dataset/bdd100k/026881.jpg,0.84467155,116
datasets/external_dataset/bdd100k/097762.jpg,0.74169314,18
datasets/external_dataset/bdd100k/093538.jpg,0.7419532,187
datasets/external_dataset/bdd100k/028391.jpg,0.76404667,119
datasets/external_dataset/bdd100k/038383.jpg,0.70613444,123
datasets/external_dataset/bdd100k/075298.jpg,0.82727337,145
datasets/external_dataset/bdd100k/083419.jpg,0.82879895,130
datasets/external_dataset/bdd100k/012347.jpg,0.7393087,32
datasets/external_dataset/bdd100k/056045.jpg,0.7235317,187
datasets/external_dataset/bdd100k/060917.jpg,0.8971693,96
datasets/external_dataset/bdd100k/099101.jpg,0.94417286,133
datasets/external_dataset/bdd100k/089850.jpg,0.763393,129
datasets/external_dataset/bdd100k/102371.jpg,0.7462116,162
datasets/external_dataset/bdd100k/101914.jpg,0.8567482,166
datasets/external_dataset/bdd100k/111569.jpg,0.9188,67
datasets/external_dataset/bdd100k/005101.jpg,0.72153044,151
datasets/external_dataset/bdd100k/105480.jpg,0.7210129,146
datasets/external_dataset/bdd100k/014358.jpg,0.83101654,187
datasets/external_dataset/bdd100k/084488.jpg,0.76586634,88
datasets/external_dataset/bdd100k/003258.jpg,0.7450073,156
datasets/external_dataset/bdd100k/057802.jpg,0.72775793,127
datasets/external_dataset/bdd100k/007027.jpg,0.7484078,88
datasets/external_dataset/bdd100k/064660.jpg,0.74875224,127
datasets/external_dataset/bdd100k/110753.jpg,0.7714498,142
datasets/external_dataset/bdd100k/029045.jpg,0.9084196,68
datasets/external_dataset/bdd100k/058507.jpg,0.74492383,141
datasets/external_dataset/bdd100k/054744.jpg,0.7781047,119
datasets/external_dataset/bdd100k/081249.jpg,0.84687126,61
datasets/external_dataset/bdd100k/090405.jpg,0.7451804,29
datasets/external_dataset/bdd100k/103437.jpg,0.9095022,18
datasets/external_dataset/bdd100k/002039.jpg,0.77939284,187
datasets/external_dataset/bdd100k/075896.jpg,0.834569,156
datasets/external_dataset/bdd100k/038642.jpg,0.77155936,146
datasets/external_dataset/bdd100k/064815.jpg,0.8797844,88
datasets/external_dataset/bdd100k/053330.jpg,0.8228577,98
datasets/external_dataset/bdd100k/024713.jpg,0.71196425,127
datasets/external_dataset/bdd100k/103746.jpg,0.70090836,88
datasets/external_dataset/bdd100k/037443.jpg,0.70722836,116
datasets/external_dataset/bdd100k/060149.jpg,0.7387303,95
datasets/external_dataset/bdd100k/072712.jpg,0.74763155,123
datasets/external_dataset/bdd100k/053098.jpg,0.7908416,129
datasets/external_dataset/bdd100k/095473.jpg,0.73718256,138
datasets/external_dataset/bdd100k/080888.jpg,0.8410103,113
datasets/external_dataset/bdd100k/045851.jpg,0.8624365,32
datasets/external_dataset/bdd100k/044694.jpg,0.75494397,127
datasets/external_dataset/bdd100k/014046.jpg,0.8240039,88
datasets/external_dataset/bdd100k/104872.jpg,0.7877804,123
datasets/external_dataset/bdd100k/045888.jpg,0.783192,187
datasets/external_dataset/bdd100k/004559.jpg,0.7300373,123
datasets/external_dataset/bdd100k/019942.jpg,0.70202863,135
datasets/external_dataset/bdd100k/014666.jpg,0.7232434,166
datasets/external_dataset/bdd100k/013325.jpg,0.76702106,116
datasets/external_dataset/bdd100k/025272.jpg,0.76512384,138
datasets/external_dataset/bdd100k/013050.jpg,0.86815786,32
datasets/external_dataset/bdd100k/024073.jpg,0.7901571,133
datasets/external_dataset/bdd100k/102718.jpg,0.7307962,4
datasets/external_dataset/bdd100k/012342.jpg,0.8465409,141
datasets/external_dataset/bdd100k/087947.jpg,0.7186023,127
datasets/external_dataset/bdd100k/094165.jpg,0.7279268,98
datasets/external_dataset/bdd100k/097888.jpg,0.9703617,22
datasets/external_dataset/bdd100k/065535.jpg,0.8477808,151
datasets/external_dataset/bdd100k/000969.jpg,0.92636317,118
datasets/external_dataset/bdd100k/020234.jpg,0.76254034,1
datasets/external_dataset/bdd100k/002185.jpg,0.70429146,18
datasets/external_dataset/bdd100k/007905.jpg,0.78016394,195
datasets/external_dataset/bdd100k/041522.jpg,0.73890245,123
datasets/external_dataset/bdd100k/017127.jpg,0.7201845,146
datasets/external_dataset/bdd100k/036020.jpg,0.79311144,73
datasets/external_dataset/bdd100k/023151.jpg,0.7984814,116
datasets/external_dataset/bdd100k/104734.jpg,0.871971,134
datasets/external_dataset/bdd100k/027971.jpg,0.8536957,190
datasets/external_dataset/bdd100k/073091.jpg,0.7366184,127
datasets/external_dataset/bdd100k/089740.jpg,0.7913105,141
datasets/external_dataset/bdd100k/069050.jpg,0.7583327,164
datasets/external_dataset/bdd100k/058938.jpg,0.7026235,148
datasets/external_dataset/bdd100k/031723.jpg,0.82946986,141
datasets/external_dataset/bdd100k/096060.jpg,0.81669366,127
datasets/external_dataset/bdd100k/049877.jpg,0.87843066,188
datasets/external_dataset/bdd100k/058783.jpg,0.74462783,32
datasets/external_dataset/bdd100k/040670.jpg,0.7253178,146
datasets/external_dataset/bdd100k/105361.jpg,0.7035418,123
datasets/external_dataset/bdd100k/110706.jpg,0.714132,106
datasets/external_dataset/bdd100k/032073.jpg,0.72886455,123
datasets/external_dataset/bdd100k/067575.jpg,0.71678084,162
datasets/external_dataset/bdd100k/103122.jpg,0.7521763,73
datasets/external_dataset/bdd100k/039578.jpg,0.7011308,156
datasets/external_dataset/bdd100k/002734.jpg,0.70184153,123
datasets/external_dataset/bdd100k/056644.jpg,0.7634112,162
datasets/external_dataset/bdd100k/024056.jpg,0.89627457,123
datasets/external_dataset/bdd100k/111861.jpg,0.8449643,88
datasets/external_dataset/bdd100k/059656.jpg,0.8266597,109
datasets/external_dataset/bdd100k/106668.jpg,0.70379657,152
datasets/external_dataset/bdd100k/105413.jpg,0.73597604,123
datasets/external_dataset/bdd100k/093655.jpg,0.86587125,61
datasets/external_dataset/bdd100k/102960.jpg,0.78375435,156
datasets/external_dataset/bdd100k/076299.jpg,0.8149409,126
datasets/external_dataset/bdd100k/007992.jpg,0.87249696,92
datasets/external_dataset/bdd100k/032301.jpg,0.7498633,110
datasets/external_dataset/bdd100k/010839.jpg,0.74067485,166
datasets/external_dataset/bdd100k/100932.jpg,0.7123972,116
datasets/external_dataset/bdd100k/008552.jpg,0.78242034,187
datasets/external_dataset/bdd100k/069496.jpg,0.81973827,123
datasets/external_dataset/bdd100k/086176.jpg,0.779022,123
datasets/external_dataset/bdd100k/040295.jpg,0.7134198,127
datasets/external_dataset/bdd100k/073680.jpg,0.90749514,96
datasets/external_dataset/bdd100k/038412.jpg,0.84368277,162
datasets/external_dataset/bdd100k/102668.jpg,0.7771459,148
datasets/external_dataset/bdd100k/043229.jpg,0.7186266,188
datasets/external_dataset/bdd100k/085249.jpg,0.8394505,61
datasets/external_dataset/bdd100k/028669.jpg,0.7411,123
datasets/external_dataset/bdd100k/040794.jpg,0.7795673,156
datasets/external_dataset/bdd100k/086033.jpg,0.86983824,116
datasets/external_dataset/bdd100k/008915.jpg,0.78376055,152
datasets/external_dataset/bdd100k/062705.jpg,0.86495894,127
datasets/external_dataset/bdd100k/065784.jpg,0.74027693,169
datasets/external_dataset/bdd100k/076503.jpg,0.75077,151
datasets/external_dataset/bdd100k/056222.jpg,0.7716037,123
datasets/external_dataset/bdd100k/043350.jpg,0.70737714,123
datasets/external_dataset/bdd100k/069411.jpg,0.74519837,88
datasets/external_dataset/bdd100k/019664.jpg,0.8305359,127
datasets/external_dataset/bdd100k/081478.jpg,0.86932755,88
datasets/external_dataset/bdd100k/085868.jpg,0.7928831,146
datasets/external_dataset/bdd100k/019907.jpg,0.73946655,131
datasets/external_dataset/bdd100k/096046.jpg,0.8280532,116
datasets/external_dataset/bdd100k/090222.jpg,0.71809953,126
datasets/external_dataset/bdd100k/045968.jpg,0.76162195,78
datasets/external_dataset/bdd100k/066597.jpg,0.81787694,174
datasets/external_dataset/bdd100k/099505.jpg,0.76226556,152
datasets/external_dataset/bdd100k/078517.jpg,0.73296154,129
datasets/external_dataset/bdd100k/095924.jpg,0.7657858,190
datasets/external_dataset/bdd100k/047781.jpg,0.7576328,3
datasets/external_dataset/bdd100k/089453.jpg,0.8178426,51
datasets/external_dataset/bdd100k/083885.jpg,0.8407589,116
datasets/external_dataset/bdd100k/044844.jpg,0.7005076,88
datasets/external_dataset/bdd100k/015327.jpg,0.74972045,18
datasets/external_dataset/bdd100k/071653.jpg,0.88368875,164
datasets/external_dataset/bdd100k/036141.jpg,0.8326498,35
datasets/external_dataset/bdd100k/054124.jpg,0.8564867,129
datasets/external_dataset/bdd100k/070282.jpg,0.75358945,162
datasets/external_dataset/bdd100k/070537.jpg,0.7490371,123
datasets/external_dataset/bdd100k/107649.jpg,0.8045405,146
datasets/external_dataset/bdd100k/016357.jpg,0.7263235,67
datasets/external_dataset/bdd100k/097401.jpg,0.7855781,188
datasets/external_dataset/bdd100k/013443.jpg,0.83904487,88
datasets/external_dataset/bdd100k/066549.jpg,0.74623835,123
datasets/external_dataset/bdd100k/086572.jpg,0.7539986,32
datasets/external_dataset/bdd100k/041153.jpg,0.7144309,116
datasets/external_dataset/bdd100k/099926.jpg,0.9049404,188
datasets/external_dataset/bdd100k/081335.jpg,0.71026665,123
datasets/external_dataset/bdd100k/057051.jpg,0.74257696,52
datasets/external_dataset/bdd100k/094159.jpg,0.8773756,156
datasets/external_dataset/bdd100k/101337.jpg,0.7209929,162
datasets/external_dataset/bdd100k/111106.jpg,0.8134635,123
datasets/external_dataset/bdd100k/067288.jpg,0.743148,187
datasets/external_dataset/bdd100k/043770.jpg,0.8470704,51
datasets/external_dataset/bdd100k/042342.jpg,0.7193038,78
datasets/external_dataset/bdd100k/112127.jpg,0.74962485,188
datasets/external_dataset/bdd100k/105168.jpg,0.8009434,88
datasets/external_dataset/bdd100k/020248.jpg,0.7035868,88
datasets/external_dataset/bdd100k/095280.jpg,0.8431428,116
datasets/external_dataset/bdd100k/056217.jpg,0.7701034,193
datasets/external_dataset/bdd100k/010070.jpg,0.76948595,127
datasets/external_dataset/bdd100k/057350.jpg,0.8963253,188
datasets/external_dataset/bdd100k/036726.jpg,0.7384807,127
datasets/external_dataset/bdd100k/060065.jpg,0.7535371,166
datasets/external_dataset/bdd100k/083367.jpg,0.86135054,187
datasets/external_dataset/bdd100k/022637.jpg,0.7705413,123
datasets/external_dataset/bdd100k/067517.jpg,0.7815856,88
datasets/external_dataset/bdd100k/003973.jpg,0.7458909,126
datasets/external_dataset/bdd100k/077930.jpg,0.788048,141
datasets/external_dataset/bdd100k/050752.jpg,0.73685074,152
datasets/external_dataset/bdd100k/108823.jpg,0.71851104,73
datasets/external_dataset/bdd100k/055152.jpg,0.7209493,196
datasets/external_dataset/bdd100k/101997.jpg,0.8001315,116
datasets/external_dataset/bdd100k/069794.jpg,0.85872287,127
datasets/external_dataset/bdd100k/089812.jpg,0.8049043,67
datasets/external_dataset/bdd100k/012565.jpg,0.7092268,187
